{"cameraMode":{"drawMode":0,"name":"Shaded","section":"Shading Mode"},"sceneLighting":false,"audioPlay":false,"sceneViewState":{"m_AlwaysRefresh":false,"showFog":true,"showSkybox":false,"showFlares":true,"showImageEffects":true,"showParticleSystems":true,"showVisualEffectGraphs":true,"m_FxEnabled":true},"in2DMode":false,"pivot":{"x":1.8278158903121949,"y":0.22086982429027558,"z":0.2012287676334381},"rotation":{"x":-0.04674217477440834,"y":0.6763942241668701,"z":-0.04308902099728584,"w":-0.7339207530021668},"size":0.6138979196548462,"orthographic":false}